<?xml version="1.0" encoding="UTF-8"?>
<announcement>
  <title>@Name@ @version@</title>
  <abstract>The Avalon team is proud to announce the @version@ @status@ release of @Name@.</abstract>

  <project site="http://avalon.apache.org">
    <title>Avalon</title>
    <description>
      The Avalon project is Apache's Java Server Framework. It is
      separated into six sub projects: Framework, Excalibur, LogKit,
      Cornerstone, Phoenix and Apps. Its purpose is to simplify
      server side programming for Java based projects.  It
      formalizes serveral best of breed practices and patterns for
      server side programming.
    </description>
  </project>

  <project site="http://avalon.apache.org/@name@">
    <title>@Name@ @version@</title>
    <description>
LogKit is an easy to use logging toolkit designed for secure 
performance oriented logging. It's design encourages integration 
into existing products with minimal impact.
    </description>
    <changes version="@version@" file="changes.xml"/>
    <downloads name="LogKit" base="http://jakarta.apache.org/builds/avalon-logkit/release/"/>
  </project>

</announcement>