<?xml version="1.0" encoding="UTF-8"?>
<document>

 <properties>
  <title>Logkit - Features</title>
  
    <author email="peter at apache.org">Peter Donald</author>
  
 </properties>

<body>

<section name="Features">
  <p>
    <strong>This document is under construction!</strong><br/>
    The LogKit provides the following features:
  </p>
  <ul>
    <li>
      Decouples LogEvent generation from LogEvent handling.
    </li>
    <li>
      Is simple to use and simple to configure.
    </li>
    <li>
      Designed with security in mind.
    </li>
    <li>
      Allow users fine control of logging based on priority and/or category.
    </li>
    <li>
      Has hierarchical logging namespace to enable inheritance of LogTargets and
      Priorities.
    </li>
    <li>
      Lightweight.
    </li>
    <li>
      Designed to be integrated into existing products.
    </li>
    <li>
      Performance oriented.
    </li>
    <li>
      Enables users to plug in filters to filter out or modify LogEvents
      before they are written out.
    </li>
    <li>
      Allow users to specify the serialization format of LogEvents via 
      Formatters.
    </li>
    <li>
      Comes with a number of existing LogTargets to ease integration.
    </li>
    <li>
      The LogKit has existed for a number years and been used in a number of 
      different environments which demonstrates it's reliability and stability.
    </li>
  </ul>

</section>

</body>
</document>