<?xml version="1.0" encoding="UTF-8"?>
<document>
  <properties>
    <title>LogKit - Introduction</title>
    
      <author email="dev@avalon.apache.org">Avalon Documentation Team</author>
    
  </properties>
  <body>
    <section name="Introduction">
      <p>
        LogKit is a logging toolkit designed for secure performance oriented logging
        in applications. To get started using LogKit, it is recomended that you read the 
        <link href="whitepaper.html" type="simple" show="replace" actuate="user">whitepaper</link> and browse the 
        <link href="http://avalon.apache.org/logkit/api/index.html" type="simple" show="replace" actuate="user">API docs</link>.
      </p>
    </section>
  </body>
  
</document>