<?xml version="1.0" encoding="UTF-8"?>
<project href="http://avalon.apache.org/logkit" 
         name="LogKit">
 <title>LogKit</title>
 <logo href="images/header.gif">LogKit</logo>
 <body>
  <menu name="About">
    <item name="Overview" href="/index.html"/>
    <item name="Features" href="/features.html"/>
    <item name="Download" href="http://jakarta.apache.org/builds/avalon/release/logkit/latest"/>
    <item name="Whitepaper" href="/whitepaper.html"/>
    <item name="Changes" href="/changes.html"/>
    <!--<item name="API Docs" href="http://avalon.apache.org/logkit/api/index.html"/>-->
    <item name="API Docs" href="/api/index.html"/>
  </menu>
 </body>
</project>
